income,missed,defaulted
42.3,2,0
37.7,3,0
53.4,0,0
41.9,0,0
31.4,1,0
47.1,0,0
71.9,2,1
61.3,1,0
29.1,4,1
22.6,0,0
30.2,0,0
40.8,1,0
14.0,0,0
36.2,2,0
22.8,2,1
28.8,0,0
31.3,0,0
34.7,3,0
48.1,1,0
63.9,0,0
37.8,1,0
74.0,1,0
29.7,2,1
46.9,1,1
60.1,0,0
41.7,0,0
28.6,0,0
26.4,1,1
32.6,1,1
44.2,1,0
25.4,0,1
36.4,1,0
37.2,0,0
51.0,2,0
44.1,2,1
46.9,0,0
29.8,3,1
37.7,0,0
56.9,0,0
78.3,1,0
22.7,2,1
79.1,2,0
73.3,1,0
56.9,0,0
45.1,0,0
34.7,3,1
77.1,1,0
96.6,1,0
90.0,0,0
72.3,1,0
47.0,0,0
23.2,1,1
39.9,1,1
53.7,0,0
22.4,0,0
47.8,2,1
48.5,0,0
54.7,2,1
23.5,1,0
29.7,2,1
32.9,1,0
23.6,0,1
87.5,0,0
32.0,2,1
46.4,0,0
35.6,1,0
81.6,0,0
72.5,3,0
53.2,1,0
14.8,1,1
40.9,1,0
54.4,1,0
62.8,2,1
30.3,0,0
90.8,0,0
22.1,2,0
29.7,2,0
60.9,1,0
40.9,0,0
98.5,0,0
43.5,2,1
30.1,1,0
33.7,0,0
24.5,0,1
22.5,1,1
53.1,2,1
52.0,0,0
71.6,2,0
28.5,0,0
85.5,3,0
35.1,0,1
81.2,0,0
32.9,2,1
28.7,0,1
44.8,3,1
63.6,1,0
43.0,1,0
30.7,1,0
21.9,1,1
21.3,2,1
50.2,2,0
62.4,5,1
37.1,0,0
24.7,1,0
59.2,1,0
22.5,2,0
29.0,1,1
52.9,2,0
14.5,2,1
47.6,2,1
30.8,1,0
42.0,2,0
38.7,0,0
43.8,2,1
54.7,1,0
28.4,0,0
75.8,3,0
55.5,2,0
58.5,2,0
67.6,0,0
57.0,2,1
58.5,1,0
41.4,2,0
21.0,0,0
37.6,1,1
28.3,2,0
21.1,1,0
44.9,0,0
31.0,0,0
25.2,1,0
25.0,1,1
45.1,0,0
47.0,2,0
72.5,1,1
39.8,2,0
63.9,2,1
75.2,0,0
67.1,1,0
13.8,3,1
69.5,2,0
46.6,1,0
48.4,2,1
47.3,2,0
47.5,1,0
46.2,2,0
34.0,2,1
17.0,0,1
38.1,2,1
27.9,0,0
65.0,0,0
35.1,2,1
41.5,1,0
27.3,0,0
31.8,0,0
39.8,1,1
20.5,1,1
45.8,2,0
38.1,0,0
23.5,1,0
13.6,3,1
50.4,1,0
35.0,2,0
31.5,1,1
36.0,1,0
90.6,1,0
39.1,0,0
41.6,2,1
20.5,4,1
83.9,3,0
60.4,0,0
64.7,1,0
40.9,3,1
60.4,3,0
47.3,1,0
52.7,2,0
37.4,2,1
20.6,1,0
63.6,2,0
16.7,1,1
35.9,4,1
36.5,3,1
25.0,1,0
52.7,3,0
36.6,1,1
32.9,1,0
50.5,1,0
32.3,1,0
74.7,1,0
46.9,0,0
32.3,0,1
16.7,2,1
22.2,1,1
65.2,2,0
39.1,1,1
35.2,0,0
83.8,0,0
22.5,3,1
30.7,0,0
32.3,0,0
52.1,2,1
29.7,2,0
30.4,1,1
19.4,1,1
55.5,2,0
57.5,0,0
32.3,3,1
43.1,2,0
22.4,1,1
32.3,4,1
74.4,3,1
42.5,3,1
113.1,3,0
28.1,0,1
51.9,1,1
36.6,0,0
51.6,3,1
39.9,1,0
31.1,2,1
27.1,1,1
159.0,1,0
38.6,2,1
16.1,2,1
29.9,0,1
54.3,0,0
31.9,0,0
73.8,0,0
62.8,0,0
37.3,1,0
32.3,0,1
25.5,1,0
29.2,0,1
20.6,3,1
68.8,0,1
81.8,2,0
22.7,0,0
23.5,0,0
18.0,1,0
25.9,2,1
9.9,1,1
23.9,0,1
71.7,1,0
34.2,2,1
58.8,0,0
32.1,0,0
88.3,1,0
43.8,2,1
33.7,0,1
126.1,0,0
34.6,1,0
23.1,0,1
43.8,3,1
39.3,1,0
64.6,1,0
26.4,0,1
57.5,2,1
58.7,2,0
29.6,2,1
43.0,2,1
27.5,3,1
114.9,0,0
29.1,2,1
32.6,2,1
24.8,1,0
34.2,3,0
39.9,1,0
56.5,1,0
30.4,0,0
36.8,0,0
21.1,1,1
27.6,1,1
138.2,1,0
63.9,0,0
28.1,1,1
21.9,0,0
25.8,1,0
39.6,0,0
40.6,2,0
28.6,1,1
22.4,0,1
75.9,0,0
49.0,1,0
33.8,2,1
36.2,1,1
31.5,3,1
10.7,0,1
42.1,1,0
24.7,4,1
25.5,1,1
30.0,2,0
55.6,0,0
23.6,4,1
21.0,1,1
53.3,1,0
56.2,0,0
26.0,1,1
51.5,1,0
35.1,0,0
45.8,2,1
22.7,2,1
58.2,3,1
68.7,2,0
53.3,3,1
51.4,1,1
7.3,1,1
45.0,0,0
39.5,2,1
37.4,0,0
30.1,2,1
41.0,1,1
48.2,2,1
35.5,1,1
32.5,2,0
69.6,1,0
24.3,1,0
63.6,1,0
43.3,1,0
27.9,2,0
35.1,0,1
26.4,0,0
54.2,0,0
46.8,3,1
31.1,0,0
24.4,1,1
45.8,2,1
61.5,0,0
38.0,1,1
48.3,0,0
33.8,2,1
41.2,1,0
35.1,2,1
45.7,1,0
20.3,3,1
53.5,0,0
36.1,0,0
47.0,1,1
34.3,2,0
46.2,1,0
24.7,1,1
68.3,0,0
18.6,0,0
25.1,0,0
44.5,1,0
77.3,1,1
45.3,1,0
35.8,3,0
21.1,2,1
36.7,2,1
39.6,1,0
85.6,1,0
52.9,1,0
20.1,2,1
99.6,2,0
33.5,2,1
26.9,2,1
77.7,0,0
39.1,2,0
33.9,1,0
44.1,0,0
58.5,1,0
62.5,0,0
21.5,4,1
98.3,1,0
61.3,1,0
33.7,0,0
27.7,1,0
25.9,0,1
42.3,1,1
29.9,1,0
28.4,2,1
57.6,1,1
47.1,0,0
33.5,0,1
55.7,0,0
74.0,0,1
24.4,0,0
30.5,0,1
61.1,0,0
55.3,1,0
44.3,0,0
67.5,0,0
24.5,1,1
20.6,0,0
27.1,2,1
42.3,2,0
28.0,1,1
32.1,0,1
25.8,0,0
30.3,1,0
25.5,0,0
47.2,0,0
57.2,1,0
32.2,1,0
36.4,1,0
30.8,0,0
50.8,1,0
41.6,0,1
82.0,2,0
24.4,1,0
47.1,1,1
48.8,0,0
34.0,4,1
52.0,3,1
20.9,1,1
103.8,2,0
21.9,1,0
60.5,0,0
24.2,3,1
67.1,2,0
33.6,3,1
43.0,2,0
41.0,1,1
65.6,4,1
34.6,1,0
10.5,1,0
28.4,2,1
43.4,5,1
32.8,4,1
56.6,1,0
63.2,2,1
37.4,2,1
20.5,2,1
74.6,0,0
65.1,1,0
35.0,0,0
103.3,2,0
34.2,1,1
24.0,1,0
37.3,0,0
65.0,2,0
26.2,0,1
96.2,1,0
26.7,2,1
61.5,1,0
51.1,2,0
37.3,0,0
65.0,0,0
20.4,0,0
73.7,0,0
38.9,2,1
31.3,0,1
56.0,3,1
64.4,1,0
56.6,1,0
98.4,1,0
65.1,2,0
71.3,3,0
31.4,1,1
42.0,1,1
51.5,1,0
39.7,2,1
45.8,1,0
48.5,1,0
58.5,4,1
38.2,0,0
34.2,1,0
27.6,0,0
26.8,0,0
67.8,2,1
38.5,1,0
57.0,2,0
22.3,4,1
16.7,2,1
24.9,1,1
67.0,0,1
64.7,2,0
46.4,0,0
27.9,1,1
37.7,1,1
35.0,1,0
34.2,0,1
13.0,1,1
27.2,1,1
36.7,1,0
79.1,0,0
43.0,1,0
75.1,1,0
33.5,2,1
35.7,1,0
6.9,1,1
49.3,0,0
51.2,1,0
88.5,1,0
32.1,0,0
41.7,2,1
29.1,0,0
23.6,0,1
29.0,0,0
34.2,3,1
73.6,2,0
40.0,1,1
28.0,1,0
42.6,0,1
44.1,1,0
29.5,0,0
66.9,0,0
17.1,2,0
36.3,3,1
54.0,0,0
21.9,0,1
47.1,2,1
